CO-28,n3mODYU3sChrqkNHsUhlHOqgePARxH,cTwdwz6n2Sk:APA91bHS60QZ4MAXlQ9aUCnWxDNeIu0FvUWY2MDBdK02nqypfSeBrZUvmHZ90xWAWB1NPDTDtwhsP_fpROgYUfbbkxmXHJYU1mP6bey31-DtmH5l_ex0Ju0W4-6700lXrmO0AMmf4sEJ
CO-28,HGLF3M0DfwFdqWP3AbWPUWA0cD03O61,cBGDZ-704_c:APA91bED-ppgaMdwu_0QIZW_91nQcxwKuh_yAWk4hnTE7-1lyT9Z96F8vo3FP0stBC5LwvB8n8looCporN2ddVJaQRUN5GMkgjHw0_JtyoObbQqtzUdYhwzjlV_esxzs6wJroAcrolGk
CO-28,HGLF3M0DfwFdqWP3AbWPUWA0cD03O61,ebGEcSaq-T0:APA91bF2_q1Pp8DgBCXWEY1wPF37_AgQd3f_WACBTbwbsYif5sG657tCwzdh8SzXYQI1Mct969_fdGTbToUr1nIi4z7vBOl1tUhYcvKww8poeWkU6rJz8Nba-ApxlDJYbgOKJuT_h88j
CO-28,HGLF3M0DfwFdqWP3AbWPUWA0cD03O61,fkVDm4G2ffQ:APA91bE-hMgEgkc5--QTM7DmtW1WlqTJKxuugf97XXL36u8uzASI6wtlcA3piYd14YC2gpXFnm2WlVFsNLTuRu3HJcCtyZdzUyYqrms7nSdQXwXIFb1A99mGYNyuEs5QrsrfMSMfAPS2
CO-28,HGLF3M0DfwFdqWP3AbWPUWA0cD03O61,epQUCh7DkGQ:APA91bGauLqpsMB808hiB_oa4rrsxAFXsE4yoTmnqRB10GxAAjaNBY8OG7S_e4xiuycnPNxQIDeD8yZPjlr1GUBDWWZkLBIFZT2CwjIc8-gCkMRAku56ulsLN7fEiRX1srTFdoJglREb
CO-28,HGLF3M0DfwFdqWP3AbWPUWA0cD03O61,cIjFdg2Tu3E:APA91bFz5xJV-9PdpLtdCY_Ww4J7JxqrIk84_guyGHYwxi-aQzQ5AyPrxy0EPk7C9zxq4uIYaRhy2P8LmkP0DrpqUSLOntfWhB6l07VNa2Rt46aEeUnfqIISsNtvR1bWzT98EqRVSsxI
CO-28,HGLF3M0DfwFdqWP3AbWPUWA0cD03O61,dZIqaGed-G0:APA91bGWXpkKT9ASXuysuJqBPZOd-FUC3prh-yoytUIJySVwcpUYNcIF7QI8BZ0oDWgT8PuZFwOxac2kzanUuR3xwxHAf6kJ7zpt-X6Rnf5-8IOozux59DLn0NKXOk9U3Acz_HIGj2t3
CO-28,HGLF3M0DfwFdqWP3AbWPUWA0cD03O61,e8UbVOK3CFA:APA91bGVQp-I6YDh5j6IIf-BAXdS_coYYsdfj88r0zpCscM1uBgemu4GcRawMAfVjsyssmsH5UlxN08wzf0y43LxnQgzvNrfx2TAEzShJMFnioa7SZ7J7oC9lGiIcOwn_UuR2WWfZgQH
CO-28,HGLF3M0DfwFdqWP3AbWPUWA0cD03O61,dASIuQlGOtc:APA91bGvfr66EeUkvKVUTYNsRVqeidAvpLD-5oLHi7aY_f4rs0z5DvvDhHeFJuqhsYp61b2ERRNCwu-tMdx-AHgwWCWdKxTZtasOH2cgrrmtZ2Cr5FbVnUMtpSM0K0BoY4Pngu9UbOkj
CO-28,HGLF3M0DfwFdqWP3AbWPUWA0cD03O61,cIqJZeNhkDA:APA91bH3T0t2IUWQVrlOtFb9DbXoBtK850zmExYmpqg9NQVHdjngAgYGCAtQBrJjsvHBeAN2xS94WO7PU8419P4nS6UAMHG1J8XwtgSqgli5B-5tqdsh7qodS4CO2Fm6CPqCRAT3vO_h
CO-28,HGLF3M0DfwFdqWP3AbWPUWA0cD03O61,fcuKtjduDP4:APA91bEc6TPye-K3FJtIflGshtHfReTD_EJp51xEjhhoCi0_nd62jloMoBMF-jsmrBpA4E8k6s4Rt1FuIihN_IMpYhooaW3OhQxTLh1I01XgkgQBag4w3VjnGX6ZNNnECXHdeZP7D1Lm
CO-28,HGLF3M0DfwFdqWP3AbWPUWA0cD03O61,dt2beZC3R-g:APA91bE42fs6ApnK2cPv2e2-Ch1uayfwbqo7O9FNuMh94JZnDKnMaXm0IRsFBQ8Mhvu-84LjKw8tdOGdqkPFJ8abam1cleBUebM1x5sYhzByUbjS3Rb_Ux-blhmDKb12sWQKAE5593_n
CO-28,HGLF3M0DfwFdqWP3AbWPUWA0cD03O61,4193eb20a7cc69c8467b5da4759ab8db4ef1bcafff3880b09a432a90aa623cae
CO-28,HGLF3M0DfwFdqWP3AbWPUWA0cD03O61,e29f8f75cf50c8cf6e4690c52df4210cad42487b4f432b973ebec9740167c9fb
CO-28,HGLF3M0DfwFdqWP3AbWPUWA0cD03O61,dUL1jdf0Khs:APA91bE_RFsCaGnhyWS0FYgEh3ppOxKxigl6yKaS4dIadh6QpwbsvBXMwlDKC9uuOYUP2gy5E3fG-R8TVak0tmwlWItGShdGlM0wPdq8G1zDxcKlz_MUgc1d5JNskolKrFs1RqOW8jlE
CO-28,HGLF3M0DfwFdqWP3AbWPUWA0cD03O61,dcn_941bSuM:APA91bGtC-BU9DsQwQr2mE5C8WvMl5-wLDCnZEFkIrJ4SL-naQo3j5wnus_EKV0_kqWAkW5EDctbvRDO-E61BeKcbewFH-a_kCuJxwn6jl4jozA-N0EQ51C5nhkyCdhTMFeEkt374PXb
CO-28,HGLF3M0DfwFdqWP3AbWPUWA0cD03O61,fMtBsM4MHJM:APA91bE6JSnBpnGuM-534bX-6Xfuz0jiBTPOQozCa45VuxhRd0jABIgT-c8Na1kmiGn_R1nHYXJkPHesA_CGjvztzBqTYmV_Vtkatk0QUdy-iAHoVX650QysRvJnAwlSKoS0wgT1bCek
CO-28,HGLF3M0DfwFdqWP3AbWPUWA0cD03O61,eEVkN5uLssA:APA91bHDitsP55eiRgmAqgKxwz3i_yOnz6IJNP-QPvoEVAeYxrDFMVJOuk7BTvWeA-IWjFU2bJppeSa7ah-xWGFou7pbBMlBAWTvy01Gb4xlyPSqJoGQtzSu4BckxHwBTi_U3S9S6Uja
CO-28,HGLF3M0DfwFdqWP3AbWPUWA0cD03O61,fjpGUsdH38c:APA91bGBZQV_d2G89ellUP2FyqbMUIbsTM590vLfD8IKVU4nDedOry0Mr4RklQ7-q6tF3L0kMymoysoUhk5nDfmpyyokIiVMwGZRdfoWfbDPlTTXVauiL_PQLidbPcnwpn1w9LEPe94F
CO-28,HGLF3M0DfwFdqWP3AbWPUWA0cD03O61,eY9LdhS1OZQ:APA91bGhuAzwiUIcWJQUiqyX2uipLxIujJ8463u0u4Df44pcjBvD_obuIGOqTD44ErM6YpXPn3CpWUYYTFqm5ZfbmXHbrvJ03tFKmBIKiIJOvwCqzgBze3w0PyaNdwt6tzG-1-vr7qEQ
CO-28,HGLF3M0DfwFdqWP3AbWPUWA0cD03O61,c6byW8WSEms:APA91bGRCFhjHX9el3K7_ACYyS5Pc-eQM8OxYDgXvGE0CR7DMe3NHthvBZFk_ZtvEHLEULDn_i-au-_mkvUw6cAo9YWF77XWYhVtSkL4FdgvSeRXLOsB3vqbXuNWuL5uxG_B2F8Z3I2c
CO-28,HGLF3M0DfwFdqWP3AbWPUWA0cD03O61,e8Tc7XMrSvw:APA91bFGE8DQIMuk9qET74QF-Q4iUbwUnB-M7QRPMptEjLbw0sy95G8Ftq8xoq41urdUBWUFQVSsiED1F1mD23Dx5x49-j9jtZvzYcogjsj7g5n5gxxd-j6vboryDY8oFSBj_NPI3fyG
CO-28,HGLF3M0DfwFdqWP3AbWPUWA0cD03O61,dcrxhnXbD6o:APA91bE7tqh05b0bIs4aBc9UR5ksykIdRbej0AmJvtWeSlFa8kR2CxthGG-zY4NiBRs0QQGiT-av3QokJn8DBBvLer1B9zMRgNcjLORT-3rAmGQIgbXiVFZ9YJSieXeNHbmS6SCj0Cs0
CO-28,HGLF3M0DfwFdqWP3AbWPUWA0cD03O61,daBO1UrrAG4:APA91bFylWAx3s0itInUJvmsnO5jhkW5jHYewU1Gru6MBd-n92lXbWAZjlRRZZIMuZVSMLaLxs9O95dVu049ifm0c5533pFdJZ1GPD7EMEcdKH2OGXbd3kiJPZRpccsCPgWOBKsES0YY
CO-28,HGLF3M0DfwFdqWP3AbWPUWA0cD03O61,cIjvwJu1S-o:APA91bEwSK-DQXH28n9S4ajUu_jaY_J5Rr4qHwE2JA1-a8ZUddeoJQe6ZmQKiV9kwfifIDKpeHVDWq1VKa3KbqPe_DCTcSRwpGvEIWeoUMtbtBYXvmu79zumcKXfJrHcLXmZ6OMVR2gV
CO-28,HGLF3M0DfwFdqWP3AbWPUWA0cD03O61,cJ93rLVUA7A:APA91bEb2aWTbycb9f0jm1L39MjYMkZn8NBOEy0WpB92RU6Tpg4Ci9I0T1H4da6N-LSYAfz4Nk_UnPGOt-D1dv0dHP0wqp1sFEFqhrTAtzBEQvLhMvXf6gGnzd3m7PWSwoSv3kC6rDXq
CO-28,HGLF3M0DfwFdqWP3AbWPUWA0cD03O61,cXuwL4ITycs:APA91bHnZk6BEUf1SUfigrQWKKavOmmL9Ktspi0YsNoSxtlSOnflbXY8iBl0yWtD3ly4xqTxaqXcKB52jJ980a6W1BIVVLS3iPnGYhTZVqSn7ytrWjE6qdigqmqDaxco_u1J8F81j91H
CO-28,HGLF3M0DfwFdqWP3AbWPUWA0cD03O61,crV-TRE5kh4:APA91bHwM8hjzGJLBbPXmiiB1zdGNOqoc0VTTPsDJDQdp63dNW4lSIvKfnTlOR9UacL6QUHEXXkmKNrqT5oD4SKzejmYnUAUkL3UhCRnbkZxbS6B_xPC0rUfPBDpUwg2FYBSVRSHVTkt
CO-28,HGLF3M0DfwFdqWP3AbWPUWA0cD03O61,dc1-OxQXTeM:APA91bGLR8rmelx8Beb2m0aikWcACTmGWEGakezUDDVL8CQwEXWcOW9oisyueuPqFTeyp3XY1W27VSFMVy6BDFyDPUuKd7-qww-HhSxsMHS2w8lWduovLQEoT-njbGd2nXyHqMPHCqo-
CO-28,HGLF3M0DfwFdqWP3AbWPUWA0cD03O61,d42STg40OAg:APA91bEIwZ86_Vd_N5kkoDnrspxWV3NSWckN3PZ222WMu-fUaC1M6OBWqwO5HJmmfF1-OWHiC028bm8jgCodni12S35joOVhnCx7ZnkWUfIKabkL6FJ2pTG4Mj0Tgh8ksb2Z3PEX9d_x
CO-28,HGLF3M0DfwFdqWP3AbWPUWA0cD03O61,fDnjqzM69n4:APA91bG9g8Ny5PJ1oWj1BlxXottMJTXiCciafSDY70sHYvelaNxZGGhE3obML2Lo8v8ALrgy7n7sW_6o6yW71yszRnN5RaF9AfxfInaOsMFVRVBE0ji8YefbBXIbRiAiFuVkB_RPn6MW
CO-28,HGLF3M0DfwFdqWP3AbWPUWA0cD03O61,f376PSqjvIY:APA91bF0ZrBl_AsR9WzrZIoFUSwZv65vhAe7Y5vCGNMzTfXbrKE74_MA80VkmELzbJnQjQYrTP4DWOsYvRRRQZre9h-3PrD5xv9xBPIzlVXy34GxnLVg5LicTb8HsSmryEbiXF6zYtdc
CO-28,HGLF3M0DfwFdqWP3AbWPUWA0cD03O61,cT-ICNBBy2E:APA91bFOnZqYQ7Is7sM-4m-RM4P56bECu-UbxVxR3cpSuvqSzCJ2bO6YNQf9Yt0_nSt_d_I9Zvnx9xnTaydikgFw6oXlwXuOhUn5QyZ83T25cm4hL9Ca3HvaT6UKbnsste8stUGY7CNT
CO-28,HGLF3M0DfwFdqWP3AbWPUWA0cD03O61,eisiTKM-DCg:APA91bHoY2_2jSGv-IQ8q5aFu9QNXadGdLMY9YgD_17c8o-AiHX1gdrp6QZsSsX_r2omrP4mcDAtgi3Jb6WN5F0Zi-tIgrI6wEoOjhs3Q7MbOquvK9L2GuXcnRJDZcWHxSd6UL3ID3Uu
CO-28,HGLF3M0DfwFdqWP3AbWPUWA0cD03O61,ckBRn9tFybg:APA91bG8qODwICa3X4AQI0Z5OqtucYrMV6TZpGuq1HnVGf-U6OWo901HWKURQqR74XjyREUwR1RFWrVo7_Ijz29EVFYV43lg95llq5ceWyCAwvukt2H97XeprYBi1pxi6Xm0gIPHb4gN
CO-28,HGLF3M0DfwFdqWP3AbWPUWA0cD03O61,cqYVVOy75fQ:APA91bEvnOmErZGqnWmUzEtP8fq-hGlwltTfdwaPsd2DtHPystB4tJs0fC4eHB4GKhzA0rpdxKITgh4g2scnl4rcfIrWgUMZB5Tqd2_oREJIoAbXmot3RFkWbQC_jUDoM_ysuvqhTiQ4
CO-28,HGLF3M0DfwFdqWP3AbWPUWA0cD03O61,eb7KVe7V8DE:APA91bHtmvg8uzcb1k62YeB2HnNFFng2ta7qz2SJYGvzjnyR1lFPtml6uP_ftzJhBAXIHcBHSB1NcFt_ipe0rME0NOWAVo5ekgAnsvDACKVpKwsWg3w1ydQzNYoKUQa3-JTNbgWQxhFQ
CO-28,HGLF3M0DfwFdqWP3AbWPUWA0cD03O61,e_9uAwLfb9M:APA91bH_k-HN8gQe-lCL5k1bIaZFjCojl_Udh4L-U61sekOaZhtM_vnOuotSlSHZ5aMXVARO2GO0RehFoPPRz5q4wj02ot0GdtSZ9nJY3yq-TIfBDvoyqtgqQwen_XN935x3jPTkMJFu
CO-28,HGLF3M0DfwFdqWP3AbWPUWA0cD03O61,cMGQF4RK6-Q:APA91bH6M_Rp0Pmvdf9kgp3XMKxybdTfgK9wIa4v8DtUbVL-LmlYt6_mS3zWN9_-E-vG2MjhVBeyOuMo4C1MWaOI9HrNF4EnndI8UI_xtpZDqABI9N1_mCKJCgd37WQdZi1h9gaP3dgh
CO-28,HGLF3M0DfwFdqWP3AbWPUWA0cD03O61,eh4YgDRd78o:APA91bFFwCRe_Bk0cc8A1auMe1xyLJsELkzovrZZXZ3gWSw3XF5LPi2MaB1vT0B-ajmuI_V93ZKClxKH2hWs1Ns-uz8CnvsfiW2SIozL1RF-zhs87CQ3LdO5hfCXRDHEtWOOTk4358Y2
CO-28,HGLF3M0DfwFdqWP3AbWPUWA0cD03O61,fj5rYSR2adM:APA91bFITaBLgiH8C-5OKCbfka_7Y8sNIzPZVhRGrx-dGVed1A_wN-OfRgMcalBD6y-TXep4r6GAPxbbguDpvCtdbEaxW-gZU68z2JQ-Kftl0LTZyLJZSQcP1csSqHFm5NX90RWA7x7L
CO-28,HGLF3M0DfwFdqWP3AbWPUWA0cD03O61,du9P7HchRtg:APA91bEF9YHqsW5oOwLg5_Ql5LBf86OHoNUZu6aWKp7nXSmKbkoGOFNt0ZVlbnvonJ9tj3R0ImEwgiYp4KaXi_i2c8Ek2h2aQ4SQaOJTKzrXLTWzuzFNoHhgiAbi82xv9tw-wLRvPHn6
